{
  "tileSize": 32,
  "atlasWidth": 320,
  "atlasHeight": 288,
  "keys": {
    "amethyst_block": {
      "x": 0,
      "y": 0,
      "w": 32,
      "h": 32,
      "u0": 0,
      "u1": 0.1,
      "v0": 0.8888888888888888,
      "v1": 1
    },
    "ancient_debris_side": {
      "x": 32,
      "y": 0,
      "w": 32,
      "h": 32,
      "u0": 0.1,
      "u1": 0.2,
      "v0": 0.8888888888888888,
      "v1": 1
    },
    "ancient_debris_top": {
      "x": 64,
      "y": 0,
      "w": 32,
      "h": 32,
      "u0": 0.2,
      "u1": 0.3,
      "v0": 0.8888888888888888,
      "v1": 1
    },
    "andesite": {
      "x": 96,
      "y": 0,
      "w": 32,
      "h": 32,
      "u0": 0.3,
      "u1": 0.4,
      "v0": 0.8888888888888888,
      "v1": 1
    },
    "birch_log": {
      "x": 128,
      "y": 0,
      "w": 32,
      "h": 32,
      "u0": 0.4,
      "u1": 0.5,
      "v0": 0.8888888888888888,
      "v1": 1
    },
    "birch_log_top": {
      "x": 160,
      "y": 0,
      "w": 32,
      "h": 32,
      "u0": 0.5,
      "u1": 0.6,
      "v0": 0.8888888888888888,
      "v1": 1
    },
    "birch_planks": {
      "x": 192,
      "y": 0,
      "w": 32,
      "h": 32,
      "u0": 0.6,
      "u1": 0.7,
      "v0": 0.8888888888888888,
      "v1": 1
    },
    "black_concrete": {
      "x": 224,
      "y": 0,
      "w": 32,
      "h": 32,
      "u0": 0.7,
      "u1": 0.8,
      "v0": 0.8888888888888888,
      "v1": 1
    },
    "black_wool": {
      "x": 256,
      "y": 0,
      "w": 32,
      "h": 32,
      "u0": 0.8,
      "u1": 0.9,
      "v0": 0.8888888888888888,
      "v1": 1
    },
    "blue_concrete": {
      "x": 288,
      "y": 0,
      "w": 32,
      "h": 32,
      "u0": 0.9,
      "u1": 1,
      "v0": 0.8888888888888888,
      "v1": 1
    },
    "blue_wool": {
      "x": 0,
      "y": 32,
      "w": 32,
      "h": 32,
      "u0": 0,
      "u1": 0.1,
      "v0": 0.7777777777777778,
      "v1": 0.8888888888888888
    },
    "bricks": {
      "x": 32,
      "y": 32,
      "w": 32,
      "h": 32,
      "u0": 0.1,
      "u1": 0.2,
      "v0": 0.7777777777777778,
      "v1": 0.8888888888888888
    },
    "brown_wool": {
      "x": 64,
      "y": 32,
      "w": 32,
      "h": 32,
      "u0": 0.2,
      "u1": 0.3,
      "v0": 0.7777777777777778,
      "v1": 0.8888888888888888
    },
    "clay": {
      "x": 96,
      "y": 32,
      "w": 32,
      "h": 32,
      "u0": 0.3,
      "u1": 0.4,
      "v0": 0.7777777777777778,
      "v1": 0.8888888888888888
    },
    "cobblestone": {
      "x": 128,
      "y": 32,
      "w": 32,
      "h": 32,
      "u0": 0.4,
      "u1": 0.5,
      "v0": 0.7777777777777778,
      "v1": 0.8888888888888888
    },
    "copper_block": {
      "x": 160,
      "y": 32,
      "w": 32,
      "h": 32,
      "u0": 0.5,
      "u1": 0.6,
      "v0": 0.7777777777777778,
      "v1": 0.8888888888888888
    },
    "cracked_stone_bricks": {
      "x": 192,
      "y": 32,
      "w": 32,
      "h": 32,
      "u0": 0.6,
      "u1": 0.7,
      "v0": 0.7777777777777778,
      "v1": 0.8888888888888888
    },
    "crying_obsidian": {
      "x": 224,
      "y": 32,
      "w": 32,
      "h": 32,
      "u0": 0.7,
      "u1": 0.8,
      "v0": 0.7777777777777778,
      "v1": 0.8888888888888888
    },
    "cyan_wool": {
      "x": 256,
      "y": 32,
      "w": 32,
      "h": 32,
      "u0": 0.8,
      "u1": 0.9,
      "v0": 0.7777777777777778,
      "v1": 0.8888888888888888
    },
    "dark_oak_planks": {
      "x": 288,
      "y": 32,
      "w": 32,
      "h": 32,
      "u0": 0.9,
      "u1": 1,
      "v0": 0.7777777777777778,
      "v1": 0.8888888888888888
    },
    "deepslate": {
      "x": 0,
      "y": 64,
      "w": 32,
      "h": 32,
      "u0": 0,
      "u1": 0.1,
      "v0": 0.6666666666666666,
      "v1": 0.7777777777777778
    },
    "deepslate_top": {
      "x": 32,
      "y": 64,
      "w": 32,
      "h": 32,
      "u0": 0.1,
      "u1": 0.2,
      "v0": 0.6666666666666666,
      "v1": 0.7777777777777778
    },
    "diamond_block": {
      "x": 64,
      "y": 64,
      "w": 32,
      "h": 32,
      "u0": 0.2,
      "u1": 0.3,
      "v0": 0.6666666666666666,
      "v1": 0.7777777777777778
    },
    "diorite": {
      "x": 96,
      "y": 64,
      "w": 32,
      "h": 32,
      "u0": 0.3,
      "u1": 0.4,
      "v0": 0.6666666666666666,
      "v1": 0.7777777777777778
    },
    "dirt": {
      "x": 128,
      "y": 64,
      "w": 32,
      "h": 32,
      "u0": 0.4,
      "u1": 0.5,
      "v0": 0.6666666666666666,
      "v1": 0.7777777777777778
    },
    "emerald_block": {
      "x": 160,
      "y": 64,
      "w": 32,
      "h": 32,
      "u0": 0.5,
      "u1": 0.6,
      "v0": 0.6666666666666666,
      "v1": 0.7777777777777778
    },
    "flowering_azalea_leaves": {
      "x": 192,
      "y": 64,
      "w": 32,
      "h": 32,
      "u0": 0.6,
      "u1": 0.7,
      "v0": 0.6666666666666666,
      "v1": 0.7777777777777778
    },
    "glass": {
      "x": 224,
      "y": 64,
      "w": 32,
      "h": 32,
      "u0": 0.7,
      "u1": 0.8,
      "v0": 0.6666666666666666,
      "v1": 0.7777777777777778
    },
    "glowstone": {
      "x": 256,
      "y": 64,
      "w": 32,
      "h": 32,
      "u0": 0.8,
      "u1": 0.9,
      "v0": 0.6666666666666666,
      "v1": 0.7777777777777778
    },
    "gold_block": {
      "x": 288,
      "y": 64,
      "w": 32,
      "h": 32,
      "u0": 0.9,
      "u1": 1,
      "v0": 0.6666666666666666,
      "v1": 0.7777777777777778
    },
    "granite": {
      "x": 0,
      "y": 96,
      "w": 32,
      "h": 32,
      "u0": 0,
      "u1": 0.1,
      "v0": 0.5555555555555556,
      "v1": 0.6666666666666666
    },
    "grass_block_side": {
      "x": 32,
      "y": 96,
      "w": 32,
      "h": 32,
      "u0": 0.1,
      "u1": 0.2,
      "v0": 0.5555555555555556,
      "v1": 0.6666666666666666
    },
    "grass_block_top": {
      "x": 64,
      "y": 96,
      "w": 32,
      "h": 32,
      "u0": 0.2,
      "u1": 0.3,
      "v0": 0.5555555555555556,
      "v1": 0.6666666666666666
    },
    "gravel": {
      "x": 96,
      "y": 96,
      "w": 32,
      "h": 32,
      "u0": 0.3,
      "u1": 0.4,
      "v0": 0.5555555555555556,
      "v1": 0.6666666666666666
    },
    "gray_wool": {
      "x": 128,
      "y": 96,
      "w": 32,
      "h": 32,
      "u0": 0.4,
      "u1": 0.5,
      "v0": 0.5555555555555556,
      "v1": 0.6666666666666666
    },
    "green_concrete": {
      "x": 160,
      "y": 96,
      "w": 32,
      "h": 32,
      "u0": 0.5,
      "u1": 0.6,
      "v0": 0.5555555555555556,
      "v1": 0.6666666666666666
    },
    "green_wool": {
      "x": 192,
      "y": 96,
      "w": 32,
      "h": 32,
      "u0": 0.6,
      "u1": 0.7,
      "v0": 0.5555555555555556,
      "v1": 0.6666666666666666
    },
    "ice": {
      "x": 224,
      "y": 96,
      "w": 32,
      "h": 32,
      "u0": 0.7,
      "u1": 0.8,
      "v0": 0.5555555555555556,
      "v1": 0.6666666666666666
    },
    "iron_block": {
      "x": 256,
      "y": 96,
      "w": 32,
      "h": 32,
      "u0": 0.8,
      "u1": 0.9,
      "v0": 0.5555555555555556,
      "v1": 0.6666666666666666
    },
    "lapis_block": {
      "x": 288,
      "y": 96,
      "w": 32,
      "h": 32,
      "u0": 0.9,
      "u1": 1,
      "v0": 0.5555555555555556,
      "v1": 0.6666666666666666
    },
    "lava_still": {
      "x": 0,
      "y": 128,
      "w": 32,
      "h": 32,
      "u0": 0,
      "u1": 0.1,
      "v0": 0.4444444444444444,
      "v1": 0.5555555555555556
    },
    "light_blue_wool": {
      "x": 32,
      "y": 128,
      "w": 32,
      "h": 32,
      "u0": 0.1,
      "u1": 0.2,
      "v0": 0.4444444444444444,
      "v1": 0.5555555555555556
    },
    "light_gray_wool": {
      "x": 64,
      "y": 128,
      "w": 32,
      "h": 32,
      "u0": 0.2,
      "u1": 0.3,
      "v0": 0.4444444444444444,
      "v1": 0.5555555555555556
    },
    "lime_wool": {
      "x": 96,
      "y": 128,
      "w": 32,
      "h": 32,
      "u0": 0.3,
      "u1": 0.4,